stekloplastikovaya armatura asp 1  tu 5 m	""	https://xn--e1alcpii.xn--p1ai/catalog/stroymaterialy/armatura_stekloplastikovaya/stekloplastikovaya_armatura_asp_10_tu_50m/
stekloplastikovaya armatura asp 12 tu 5 m	""	https://xn--e1alcpii.xn--p1ai/catalog/stroymaterialy/armatura_stekloplastikovaya/stekloplastikovaya_armatura_asp_12_tu_50m/
stekloplastikovaya armatura asp 6 tu 5 m	""	https://xn--e1alcpii.xn--p1ai/catalog/stroymaterialy/armatura_stekloplastikovaya/stekloplastikovaya_armatura_asp_6_tu_50m/
stekloplastikovaya armatura asp 8 tu 5 m	""	https://xn--e1alcpii.xn--p1ai/catalog/stroymaterialy/armatura_stekloplastikovaya/stekloplastikovaya_armatura_asp_8_tu_50m/
pryamoy podves   6 27 6 mm	""	https://xn--e1alcpii.xn--p1ai/catalog/stroymaterialy/profil_dlya_gipsokartona/pryamoy_podves_0_6_27_60mm/
setka kladochnaya   25 2m yach 1   1  mm d3mm tu	""	https://xn--e1alcpii.xn--p1ai/catalog/stroymaterialy/setka_kladochnaya/setka_kladochnaya_0_25_2m_yach_100_100mm_d3mm_tu/
setka kladochnaya   25 2m yach 5  5 mm d3mm tu	""	https://xn--e1alcpii.xn--p1ai/catalog/stroymaterialy/setka_kladochnaya/setka_kladochnaya_0_25_2m_yach_50_50mm_d3mm_tu/
setka kladochnaya   38 2m yach 1   1  mm d3mm tu	""	https://xn--e1alcpii.xn--p1ai/catalog/stroymaterialy/setka_kladochnaya/setka_kladochnaya_0_38_2m_yach_100_100mm_d3mm_tu/
setka kladochnaya   38 2m yach 5  5 mm d3mm tu	""	https://xn--e1alcpii.xn--p1ai/catalog/stroymaterialy/setka_kladochnaya/setka_kladochnaya_0_38_2m_yach_50_50mm_d3mm_tu/
setka kladochnaya   5 2m yach 5  5 mm d3mm tu	""	https://xn--e1alcpii.xn--p1ai/catalog/stroymaterialy/setka_kladochnaya/setka_kladochnaya_0_5_2m_yach_50_50mm_d3mm_tu/
setka svarnaya otsinkovannaya v rulone 1 5 1 m yacheyka 25 25mm d1 6mm tu	""	https://xn--e1alcpii.xn--p1ai/catalog/stroymaterialy/svarnaya_setka_v_rulonakh/setka_svarnaya_otsinkovannaya_v_rulone_1_5_10m_yacheyka_25_25mm_d1_6mm_tu/
setka svarnaya v rulone   15 25m yach 5  5 mm d1 6mm tu	""	https://xn--e1alcpii.xn--p1ai/catalog/stroymaterialy/svarnaya_setka_v_rulonakh/setka_svarnaya_v_rulone_0_15_25m_yach_50_50mm_d1_6mm_tu/
setka svarnaya v rulone   25 25m yach 5  5 mm d1 6mm tu	""	https://xn--e1alcpii.xn--p1ai/catalog/stroymaterialy/svarnaya_setka_v_rulonakh/setka_svarnaya_v_rulone_0_25_25m_yach_50_50mm_d1_6mm_tu/
setka svarnaya v rulone   35 25m yach 5  5 mm d1 6mm tu	""	https://xn--e1alcpii.xn--p1ai/catalog/stroymaterialy/svarnaya_setka_v_rulonakh/setka_svarnaya_v_rulone_0_35_25m_yach_50_50mm_d1_6mm_tu/
setka svarnaya v rulone   5 25m yach 5  5 mm d1 6mm tu	""	https://xn--e1alcpii.xn--p1ai/catalog/stroymaterialy/svarnaya_setka_v_rulonakh/setka_svarnaya_v_rulone_0_5_25m_yach_50_50mm_d1_6mm_tu/
setka svarnaya v rulone 1 25m yacheyka 25 25mm d1 6mm tu	""	https://xn--e1alcpii.xn--p1ai/catalog/stroymaterialy/svarnaya_setka_v_rulonakh/setka_svarnaya_v_rulone_1_25m_yacheyka_25_25mm_d1_6mm_tu/
setka svarnaya v rulone 1 25m yacheyka 5  5 mm d1 6mm tu	""	https://xn--e1alcpii.xn--p1ai/catalog/stroymaterialy/svarnaya_setka_v_rulonakh/setka_svarnaya_v_rulone_1_25m_yacheyka_50_50mm_d1_6mm_tu/
setka svarnaya v rulone ots 1 5 25m yach 5  5 mm d1 6mm tu	""	https://xn--e1alcpii.xn--p1ai/catalog/stroymaterialy/svarnaya_setka_v_rulonakh/setka_svarnaya_v_rulone_ots_1_5_25m_yach_50_50mm_d1_6mm_tu/
