naimenovanie,cena,ssylka_na_stranicu
,,https://xn--e1alcpii.xn--p1ai/catalog/stroymaterialy/armatura_stekloplastikovaya/stekloplastikovaya_armatura_asp_10_tu_50m/
,,https://xn--e1alcpii.xn--p1ai/catalog/stroymaterialy/armatura_stekloplastikovaya/stekloplastikovaya_armatura_asp_12_tu_50m/
,,https://xn--e1alcpii.xn--p1ai/catalog/stroymaterialy/armatura_stekloplastikovaya/stekloplastikovaya_armatura_asp_6_tu_50m/
,,https://xn--e1alcpii.xn--p1ai/catalog/stroymaterialy/armatura_stekloplastikovaya/stekloplastikovaya_armatura_asp_8_tu_50m/
,,https://xn--e1alcpii.xn--p1ai/catalog/stroymaterialy/setka_kladochnaya/setka_kladochnaya_0_25_2m_yach_100_100mm_d3mm_tu/
,,https://xn--e1alcpii.xn--p1ai/catalog/stroymaterialy/setka_kladochnaya/setka_kladochnaya_0_38_2m_yach_100_100mm_d3mm_tu/
,,https://xn--e1alcpii.xn--p1ai/catalog/stroymaterialy/setka_kladochnaya/setka_kladochnaya_0_25_2m_yach_50_50mm_d3mm_tu/
,,https://xn--e1alcpii.xn--p1ai/catalog/stroymaterialy/setka_kladochnaya/setka_kladochnaya_0_38_2m_yach_50_50mm_d3mm_tu/
,,https://xn--e1alcpii.xn--p1ai/catalog/stroymaterialy/setka_kladochnaya/setka_kladochnaya_0_5_2m_yach_50_50mm_d3mm_tu/
,,https://xn--e1alcpii.xn--p1ai/catalog/stroymaterialy/svarnaya_setka_v_rulonakh/setka_svarnaya_v_rulone_0_15_25m_yach_50_50mm_d1_6mm_tu/
,,https://xn--e1alcpii.xn--p1ai/catalog/stroymaterialy/svarnaya_setka_v_rulonakh/setka_svarnaya_v_rulone_0_25_25m_yach_50_50mm_d1_6mm_tu/
,,https://xn--e1alcpii.xn--p1ai/catalog/stroymaterialy/svarnaya_setka_v_rulonakh/setka_svarnaya_v_rulone_0_35_25m_yach_50_50mm_d1_6mm_tu/
,,https://xn--e1alcpii.xn--p1ai/catalog/stroymaterialy/svarnaya_setka_v_rulonakh/setka_svarnaya_v_rulone_0_5_25m_yach_50_50mm_d1_6mm_tu/
,,https://xn--e1alcpii.xn--p1ai/catalog/stroymaterialy/svarnaya_setka_v_rulonakh/setka_svarnaya_v_rulone_ots_1_5_25m_yach_50_50mm_d1_6mm_tu/
,,https://xn--e1alcpii.xn--p1ai/catalog/stroymaterialy/svarnaya_setka_v_rulonakh/setka_svarnaya_v_rulone_1_25m_yacheyka_25_25mm_d1_6mm_tu/
,,https://xn--e1alcpii.xn--p1ai/catalog/stroymaterialy/svarnaya_setka_v_rulonakh/setka_svarnaya_otsinkovannaya_v_rulone_1_5_10m_yacheyka_25_25mm_d1_6mm_tu/
,,https://xn--e1alcpii.xn--p1ai/catalog/stroymaterialy/svarnaya_setka_v_rulonakh/setka_svarnaya_v_rulone_1_25m_yacheyka_50_50mm_d1_6mm_tu/
,,https://xn--e1alcpii.xn--p1ai/catalog/stroymaterialy/profil_dlya_gipsokartona/pryamoy_podves_0_6_27_60mm/
