Акватекс	469,00	https://xn--e1alcpii.xn--p1ai/catalog/lakokrasochnyy_material/toniruyushchie_sostavy/akvateks_1/
Акватекс Викинг	2290,00	https://xn--e1alcpii.xn--p1ai/catalog/lakokrasochnyy_material/toniruyushchie_sostavy/akvateks_viking/
Акватекс Прованс	1690,00	https://xn--e1alcpii.xn--p1ai/catalog/lakokrasochnyy_material/toniruyushchie_sostavy/akvateks_provans/
Акватекс Сканди	2390,00	https://xn--e1alcpii.xn--p1ai/catalog/lakokrasochnyy_material/toniruyushchie_sostavy/akvateks_skandi_1/
Антисептик ПРОФЕССИОНАЛ АНТИПЛЕСЕНЬ универсальный против грибка и плесени, готовый состав 5л	1969,00	https://xn--e1alcpii.xn--p1ai/catalog/lakokrasochnyy_material/antiseptiki_1/antiseptik_professional_antiplesen_universalnyy_protiv_gribka_i_pleseni_gotovyy_sostav_5l/
Антисептик ПРОФЕССИОНАЛ универсальный для наружных и внутренних работ Prosept Eco Universal готовый состав 10л	1949,00	https://xn--e1alcpii.xn--p1ai/catalog/lakokrasochnyy_material/antiseptiki_1/antiseptik_professional_universalnyy_dlya_naruzhnykh_i_vnutrennikh_rabot_prosept_eco_universal_gotov/
Антисептик для бани и сауны ПРОФЕССИОНАЛ концентрат 1:10 1л	1990,00	https://xn--e1alcpii.xn--p1ai/catalog/lakokrasochnyy_material/sredstva_dlya_ukhoda_za_baney_i_saunoy_1/antiseptik_dlya_bani_i_sauny_professional_kontsentrat_1_10_1l_/
Антисептик для бани и сауны ПРОФЕССИОНАЛ концентрат 1:10 1л	1990,00	https://xn--e1alcpii.xn--p1ai/catalog/vse_dlya_bani_i_sauny/sredstva_dlya_ukhoda_za_baney_i_saunoy/antiseptik_dlya_bani_i_sauny_professional_kontsentrat_1_10_1l_/
Антисептик для каркасов ПРОФЕССИОНАЛ Frame Green готовый состав с зеленым контролем нанесения 10л	1990,00	https://xn--e1alcpii.xn--p1ai/catalog/lakokrasochnyy_material/antiseptiki_1/antiseptik_dlya_karkasov_professional_frame_green_gotovyy_sostav_s_zelenym_kontrolem_naneseniya_10l/
Антисептик для каркасов ПРОФЕССИОНАЛ Frame Green концентрат 1:19, с зеленым контролем нанесения 5л	2990,00	https://xn--e1alcpii.xn--p1ai/catalog/lakokrasochnyy_material/antiseptiki_1/antiseptik_dlya_karkasov_professional_frame_green_kontsentrat_1_19_s_zelenym_kontrolem_naneseniya_5l/
Антисептик для каркасов ПРОФЕССИОНАЛ Frame Green концентрат 1:9 с зеленым контролем нанесения 10л	7890,00	https://xn--e1alcpii.xn--p1ai/catalog/lakokrasochnyy_material/antiseptiki_1/antiseptik_dlya_karkasov_professional_frame_green_kontsentrat_1_9_s_zelenym_kontrolem_naneseniya_10l/
Антисептик невымываемый ПРОФЕССИОНАЛ EXTREME для агрессивной среды, готовый состав, зеленый 10л	1990,00	https://xn--e1alcpii.xn--p1ai/catalog/lakokrasochnyy_material/antiseptiki_1/antiseptik_nevymyvaemyy_professional_extreme_dlya_agressivnoy_sredy_gotovyy_sostav_zelenyy_10l/
Антисептик невымываемый ПРОФЕССИОНАЛ EXTREME для агрессивной среды, концентрат 1:9 зеленый 1л	2990,00	https://xn--e1alcpii.xn--p1ai/catalog/lakokrasochnyy_material/antiseptiki_1/antiseptik_nevymyvaemyy_professional_extreme_dlya_agressivnoy_sredy_kontsentrat_1_9_zelenyy_1l/
Антисептик невымываемый ПРОФЕССИОНАЛ готовый состав 10л	1949,00	https://xn--e1alcpii.xn--p1ai/catalog/lakokrasochnyy_material/antiseptiki_1/antiseptik_nevymyvaemyy_korichnevyy_professional_gotovyy_sostav_10l/
Антисептик невымываемый для ответственных конструкций ПРОФЕССИОНАЛ концентрат 1:10 1л	1890,00	https://xn--e1alcpii.xn--p1ai/catalog/lakokrasochnyy_material/antiseptiki_1/antiseptik_nevymyvaemyy_korichnevyy_professional_dlya_otvetstvennykh_konstruktsiy_kontsentrat_1_10_1/
Антисептик универсальный ПРОФЕССИОНАЛ Universal для наружных и внутренних работ, концентрат 1:5 1л	990,00	https://xn--e1alcpii.xn--p1ai/catalog/lakokrasochnyy_material/antiseptiki_1/antiseptik_universalnyy_professional_universal_dlya_naruzhnykh_i_vnutrennikh_rabot_kontsentrat_1_5_1/
Антисептик-грунт для OSB ПРОФЕССИОНАЛ готовый состав 1л	990,00	https://xn--e1alcpii.xn--p1ai/catalog/lakokrasochnyy_material/antiseptiki_1/antiseptik_grunt_dlya_osb_professional_gotovyy_sostav_1l/
Антисептики для бани/сауны	1990,00	https://xn--e1alcpii.xn--p1ai/catalog/lakokrasochnyy_material/sredstva_dlya_ukhoda_za_baney_i_saunoy_1/antiseptiki2/
Антисептики для бани/сауны	1990,00	https://xn--e1alcpii.xn--p1ai/catalog/vse_dlya_bani_i_sauny/sredstva_dlya_ukhoda_za_baney_i_saunoy/antiseptiki/
Антисептики для дерева	1990,00	https://xn--e1alcpii.xn--p1ai/catalog/lakokrasochnyy_material/antiseptiki_1/biozashchita_1/
Бензин растворитель 0.5л	99,00	https://xn--e1alcpii.xn--p1ai/catalog/lakokrasochnyy_material/rastvoriteli_i_ochistiteli/benzin_rastvoritel_0_5l/
Бетоконтакт Лакра PROF IT 12кг	1946,00	https://xn--e1alcpii.xn--p1ai/catalog/lakokrasochnyy_material/gruntovka_1/betokontakt_lakra_prof_it_12kg/
Бетоконтакт Лакра PROF IT 3кг	459,00	https://xn--e1alcpii.xn--p1ai/catalog/lakokrasochnyy_material/gruntovka_1/betokontakt_lakra_prof_it_3kg/
Бетоконтакт Лакра PROF IT 6кг	890,00	https://xn--e1alcpii.xn--p1ai/catalog/lakokrasochnyy_material/gruntovka_1/betokontakt_lakra_prof_it_6kg/
ВДАК интерьерная влагостойкая супербелая Proremontt 14кг	1369,00	https://xn--e1alcpii.xn--p1ai/catalog/lakokrasochnyy_material/kraski_emali/vdak_interernaya_vlagostoykaya_superbelaya_proremontt_14kg/
ВДАК интерьерная влагостойкая супербелая Proremontt 3кг	429,00	https://xn--e1alcpii.xn--p1ai/catalog/lakokrasochnyy_material/kraski_emali/vdak_interernaya_vlagostoykaya_superbelaya_proremontt_3kg/
ВДАК интерьерная влагостойкая супербелая Proremontt 6.5кг	669,00	https://xn--e1alcpii.xn--p1ai/catalog/lakokrasochnyy_material/kraski_emali/vdak_interernaya_vlagostoykaya_superbelaya_proremontt_6_5kg/
ВДАК фасадная белая Proremontt 14кг	1569,00	https://xn--e1alcpii.xn--p1ai/catalog/lakokrasochnyy_material/kraski_emali/vdak_fasadnaya_belaya_proremontt_14kg/
ВДАК фасадная белая Proremontt 3кг	499,00	https://xn--e1alcpii.xn--p1ai/catalog/lakokrasochnyy_material/kraski_emali/vdak_fasadnaya_belaya_proremontt_3kg/
ВДАК фасадная белая Proremontt 6.5кг	779,00	https://xn--e1alcpii.xn--p1ai/catalog/lakokrasochnyy_material/kraski_emali/vdak_fasadnaya_belaya_proremontt_6_5kg/
Водно-дисперсионные акриловые краски	1369,00	https://xn--e1alcpii.xn--p1ai/catalog/lakokrasochnyy_material/kraski_emali/vodno_dispersionnye_akrilovye_kraski/
Гeрметик шовный для фанеры ПРОФЕССИОНАЛ песочный 280мл	799,00	https://xn--e1alcpii.xn--p1ai/catalog/germetiki_zhidkie_gvozdi_kley_shpaklevka_dlya_dereva/germetiki_zhidkie_gvozdi/germetik_shovnyy_dlya_fanery_professional_pesochnyy_280ml/
Герметик битумный черный Masterfix R-808 310мл	399,00	https://xn--e1alcpii.xn--p1ai/catalog/germetiki_zhidkie_gvozdi_kley_shpaklevka_dlya_dereva/germetiki_zhidkie_gvozdi/germetik_bitumnyy_chernyy_masterfix_r_808_310ml/
Герметик для печей и каминов +1500°C черный Masterfix 290мл	499,00	https://xn--e1alcpii.xn--p1ai/catalog/germetiki_zhidkie_gvozdi_kley_shpaklevka_dlya_dereva/germetiki_zhidkie_gvozdi/germetik_dlya_pechey_i_kaminov_1500_c_chernyy_masterfix_290ml/
Герметик силиконовый универсальный прозрачный Mastersil 310мл	449,00	https://xn--e1alcpii.xn--p1ai/catalog/germetiki_zhidkie_gvozdi_kley_shpaklevka_dlya_dereva/germetiki_zhidkie_gvozdi/germetik_silikonovyy_universalnyy_prozrachnyy_mastersil_310ml/
Герметики для кровли и печей 2 товара	399,00	https://xn--e1alcpii.xn--p1ai/catalog/germetiki_zhidkie_gvozdi_kley_shpaklevka_dlya_dereva/germetiki_zhidkie_gvozdi/germetiki_dlya_krovli_i_pechey/
Гибридный лессирующий антисептик для дерева Акватекс Викинг сосна 2.5л	2290,00	https://xn--e1alcpii.xn--p1ai/catalog/lakokrasochnyy_material/toniruyushchie_sostavy/gibridnyy_lessiruyushchiy_antiseptik_dlya_dereva_akvateks_viking_sosna_2_5l/
Грунт для дерева и OSB	990,00	https://xn--e1alcpii.xn--p1ai/catalog/lakokrasochnyy_material/antiseptiki_1/gruntovka/
Грунт-эмаль 3в1 быстросохнующая белая матовая Proremontt 0.8кг	459,00	https://xn--e1alcpii.xn--p1ai/catalog/lakokrasochnyy_material/kraski_emali/grunt_emal_3v1_bystrosokhnuyushchaya_belaya_matovaya_proremontt_0_8kg/
Грунт-эмаль 3в1 быстросохнующая белая матовая Proremontt 1.7кг	719,00	https://xn--e1alcpii.xn--p1ai/catalog/lakokrasochnyy_material/kraski_emali/grunt_emal_3v1_bystrosokhnuyushchaya_belaya_matovaya_proremontt_1_7kg/
Грунт-эмаль 3в1 быстросохнующая серая матовая Proremontt 0.8кг	459,00	https://xn--e1alcpii.xn--p1ai/catalog/lakokrasochnyy_material/kraski_emali/grunt_emal_3v1_bystrosokhnuyushchaya_seraya_matovaya_proremontt_0_8kg/
Грунт-эмаль 3в1 быстросохнующая серая матовая Proremontt 1.7кг	879,00	https://xn--e1alcpii.xn--p1ai/catalog/lakokrasochnyy_material/kraski_emali/grunt_emal_3v1_bystrosokhnuyushchaya_seraya_matovaya_proremontt_1_7kg/
Грунт-эмаль 3в1 красно-коричневая Proremontt 0.8кг	449,00	https://xn--e1alcpii.xn--p1ai/catalog/lakokrasochnyy_material/kraski_emali/grunt_emal_3v1_krasno_korichnevaya_proremontt_0_8kg/
Грунт-эмаль 3в1 красно-коричневая Proremontt 1.7кг	719,00	https://xn--e1alcpii.xn--p1ai/catalog/lakokrasochnyy_material/kraski_emali/grunt_emal_3v1_krasno_korichnevaya_proremontt_1_7kg/
Грунт-эмаль 3в1 по ржавчине шоколадно-коричневая Лакра 0.8 кг	529,00	https://xn--e1alcpii.xn--p1ai/catalog/lakokrasochnyy_material/kraski_emali/grunt_emal_3v1_po_rzhavchine_shokoladno_korichnevaya_lakra_0_8_kg/
Грунт-эмаль 3в1 по ржавчине шоколадно-коричневая Лакра 1.7 кг	1035,00	https://xn--e1alcpii.xn--p1ai/catalog/lakokrasochnyy_material/kraski_emali/grunt_emal_3v1_po_rzhavchine_shokoladno_korichnevaya_lakra_1_7_kg/
Грунт-эмаль 3в1 черная Proremontt 0.8кг	449,00	https://xn--e1alcpii.xn--p1ai/catalog/lakokrasochnyy_material/kraski_emali/grunt_emal_3v1_chernaya_proremontt_0_8kg/
Грунт-эмаль 3в1 черная Proremontt 1.7кг	879,00	https://xn--e1alcpii.xn--p1ai/catalog/lakokrasochnyy_material/kraski_emali/grunt_emal_3v1_chernaya_proremontt_1_7kg/
Грунтовка глубокого проникновения для внутренних работ Лакра 1л	126,00	https://xn--e1alcpii.xn--p1ai/catalog/lakokrasochnyy_material/gruntovka_1/gruntovka_glubokogo_proniknoveniya_dlya_vnutrennikh_rabot_lakra_1l/
Жидкие гвозди полиуретановые универсальные M@W PUR 540г	699,00	https://xn--e1alcpii.xn--p1ai/catalog/germetiki_zhidkie_gvozdi_kley_shpaklevka_dlya_dereva/germetiki_klei/zhidkie_gvozdi_poliuretanovye_universalnye_titebond_men_at_work_pur_540g/
Жидкие гвозди сверхсильные Titebond желтая туба 296мл	599,00	https://xn--e1alcpii.xn--p1ai/catalog/germetiki_zhidkie_gvozdi_kley_shpaklevka_dlya_dereva/germetiki_klei/zhidkie_gvozdi_sverkhsilnye_titebond_zheltaya_tuba_296ml/
Клей Cosmofen СА12 20г	299,00	https://xn--e1alcpii.xn--p1ai/catalog/germetiki_zhidkie_gvozdi_kley_shpaklevka_dlya_dereva/kley_universalnyy/kley_cosmofen_sa12_20g/
Клей столярный Titebond II влагостойкий прозрачный D3 237мл (белый)	699,00	https://xn--e1alcpii.xn--p1ai/catalog/germetiki_zhidkie_gvozdi_kley_shpaklevka_dlya_dereva/kley_dlya_dereva/kley_stolyarnyy_titebond_ii_vlagostoykiy_prozrachnyy_d3_237ml_belyy/
Клей столярный Titebond II премиум влагостойкий D3 237мл (синий)	549,00	https://xn--e1alcpii.xn--p1ai/catalog/germetiki_zhidkie_gvozdi_kley_shpaklevka_dlya_dereva/kley_dlya_dereva/kley_stolyarnyy_titebond_ii_premium_vlagostoykiy_d3_237ml_siniy/
Клей столярный Titebond III ультима повышенной влагостойкости D4 237мл (зеленый)	729,00	https://xn--e1alcpii.xn--p1ai/catalog/germetiki_zhidkie_gvozdi_kley_shpaklevka_dlya_dereva/kley_dlya_dereva/kley_stolyarnyy_titebond_iii_ultima_povyshennoy_vlagostoykosti_d4_237ml_zelenyy/
Колер	49,00	https://xn--e1alcpii.xn--p1ai/catalog/lakokrasochnyy_material/kraski_emali/koller/
Колер паста Радуга №2 Желтый 100г	49,00	https://xn--e1alcpii.xn--p1ai/catalog/lakokrasochnyy_material/kraski_emali/koler_pasta_raduga_2_zheltyy_100g/
Колер паста Радуга №5 Бежевый 100г	49,00	https://xn--e1alcpii.xn--p1ai/catalog/lakokrasochnyy_material/kraski_emali/koler_pasta_raduga_5_bezhevyy_100g/
Красковар	1290,00	https://xn--e1alcpii.xn--p1ai/catalog/lakokrasochnyy_material/toniruyushchie_sostavy/kraskovar/
Красковар Антисептик кроющий 0,9л (RAL 1015 слоновая кость)	1290,00	https://xn--e1alcpii.xn--p1ai/catalog/lakokrasochnyy_material/toniruyushchie_sostavy/kraskovar_antiseptik_kroyushchiy_0_9l_ral_1015_slonovaya_kost/
Красковар Антисептик кроющий 0,9л (RAL 7024 графит)	1290,00	https://xn--e1alcpii.xn--p1ai/catalog/lakokrasochnyy_material/toniruyushchie_sostavy/kraskovar_antiseptik_kroyushchiy_0_9l_ral_7024_grafit/
Красковар Антисептик кроющий 0,9л (RAL 7040 светлый графит)	1290,00	https://xn--e1alcpii.xn--p1ai/catalog/lakokrasochnyy_material/toniruyushchie_sostavy/kraskovar_antiseptik_kroyushchiy_0_9l_ral_7040_svetlyy_grafit/
Красковар Антисептик кроющий 0,9л (RAL 8017 шоколад)	1390,00	https://xn--e1alcpii.xn--p1ai/catalog/lakokrasochnyy_material/toniruyushchie_sostavy/kraskovar_antiseptik_kroyushchiy_0_9l_ral_8017_shokolad/
Красковар Антисептик кроющий 0,9л (RAL 9011 черный графит)	1290,00	https://xn--e1alcpii.xn--p1ai/catalog/lakokrasochnyy_material/toniruyushchie_sostavy/kraskovar_antiseptik_kroyushchiy_0_9l_ral_9011_chernyy_grafit/
Красковар Антисептик кроющий 2л (RAL 1015 слоновая кость)	2390,00	https://xn--e1alcpii.xn--p1ai/catalog/lakokrasochnyy_material/toniruyushchie_sostavy/kraskovar_antiseptik_kroyushchiy_2l_ral_1015_slonovaya_kost/
Красковар Антисептик кроющий 2л (RAL 8017 шоколад)	2390,00	https://xn--e1alcpii.xn--p1ai/catalog/lakokrasochnyy_material/toniruyushchie_sostavy/kraskovar_antiseptik_kroyushchiy_2l_ral_8017_shokolad/
Красковар Антисептик кроющий 2л (RAL 9011 черный графит)	2290,00	https://xn--e1alcpii.xn--p1ai/catalog/lakokrasochnyy_material/toniruyushchie_sostavy/kraskovar_antiseptik_kroyushchiy_2l_ral_9011_chernyy_grafit/
Кроющий антисептик Акватекс Сканди Северное море 2.5л	2390,00	https://xn--e1alcpii.xn--p1ai/catalog/lakokrasochnyy_material/toniruyushchie_sostavy/kroyushchiy_antiseptik_akvateks_skandi_severnoe_more_2_5l/
Лак Паркет&Деревянный пол глянцевый Parade алкидно-уретановый 0.75л	799,00	https://xn--e1alcpii.xn--p1ai/catalog/lakokrasochnyy_material/laki_1/lak_parket_derevyannyy_pol_glyantsevyy_parade_0_75l_alkid_uretan/
Лак Паркет&Деревянный пол глянцевый Parade алкидно-уретановый 2.5л	2290,00	https://xn--e1alcpii.xn--p1ai/catalog/lakokrasochnyy_material/laki_1/lak_parket_derevyannyy_pol_glyantsevyy_parade_2_5l_alkid_uretan/
Лак Паркет&Деревянный пол матовый Parade алкидно-уретановый 0.75л	895,00	https://xn--e1alcpii.xn--p1ai/catalog/lakokrasochnyy_material/laki_1/lak_parket_derevyannyy_pol_matovyy_parade_0_75l_alkid_uretan/
Лак Паркет&Деревянный пол матовый Parade алкидно-уретановый 2.5л	2790,00	https://xn--e1alcpii.xn--p1ai/catalog/lakokrasochnyy_material/laki_1/lak_parket_derevyannyy_pol_matovyy_parade_2_5l_alkid_uretan/
Лак Ступени&Лестницы глянцевый Parade алкидно-уретановый 0.75л	949,00	https://xn--e1alcpii.xn--p1ai/catalog/lakokrasochnyy_material/laki_1/lak_stupeni_lestnitsy_glyantsevyy_parade_0_75l_alkid_uretan/
Лак Ступени&Лестницы глянцевый Parade алкидно-уретановый 2.5л	2790,00	https://xn--e1alcpii.xn--p1ai/catalog/lakokrasochnyy_material/laki_1/lak_stupeni_lestnitsy_glyantsevyy_parade_2_5l_alkid_uretan/
Лак Ступени&Лестницы матовый Parade алкидно-уретановый 0.75л	1190,00	https://xn--e1alcpii.xn--p1ai/catalog/lakokrasochnyy_material/laki_1/lak_stupeni_lestnitsy_matovyy_parade_0_75l_alkid_uretan/
Лак Ступени&Лестницы матовый Parade алкидно-уретановый 2.5л	3490,00	https://xn--e1alcpii.xn--p1ai/catalog/lakokrasochnyy_material/laki_1/lak_stupeni_lestnitsy_matovyy_parade_2_5l_alkid_uretan/
Лак Террасы & Веранды глянцевый Parade 0.75л алкид-уретан.	949,00	https://xn--e1alcpii.xn--p1ai/catalog/lakokrasochnyy_material/laki_1/lak_terrasy_verandy_glyantsevyy_parade_0_75l_alkid_uretan/
Лак Террасы & Веранды глянцевый Parade 2.5л алкид-уретан.	2536,00	https://xn--e1alcpii.xn--p1ai/catalog/lakokrasochnyy_material/laki_1/lak_terrasy_verandy_glyantsevyy_parade_2_5l_alkid_uretan/
Лак Террасы & Веранды матовый Parade 0.75л алкид-уретан.	1190,00	https://xn--e1alcpii.xn--p1ai/catalog/lakokrasochnyy_material/laki_1/lak_terrasy_verandy_matovyy_parade_0_75l_alkid_uretan/
Лак Террасы & Веранды матовый Parade 2.5л алкид-уретан.	2945,00	https://xn--e1alcpii.xn--p1ai/catalog/lakokrasochnyy_material/laki_1/lak_terrasy_verandy_matovyy_parade_2_5l_alkid_uretan/
Лак для бани и сауны термостойкий Prosept 2л	1990,00	https://xn--e1alcpii.xn--p1ai/catalog/vse_dlya_bani_i_sauny/sredstva_dlya_ukhoda_za_baney_i_saunoy/lak_dlya_bani_i_sauny_termostoykiy_prosept_2l/
Лак для бани и сауны термостойкий Prosept 2л	1990,00	https://xn--e1alcpii.xn--p1ai/catalog/lakokrasochnyy_material/sredstva_dlya_ukhoda_za_baney_i_saunoy_1/lak_dlya_bani_i_sauny_termostoykiy_prosept_2l/
Лак для пола в банях и саунах Zerwood 0.9кг	429,00	https://xn--e1alcpii.xn--p1ai/catalog/lakokrasochnyy_material/sredstva_dlya_ukhoda_za_baney_i_saunoy_1/lak_dlya_pola_v_banyakh_i_saunakh_zerwood_0_9kg/
Лак для пола в банях и саунах Zerwood 0.9кг	429,00	https://xn--e1alcpii.xn--p1ai/catalog/vse_dlya_bani_i_sauny/sredstva_dlya_ukhoda_za_baney_i_saunoy/lak_dlya_pola_v_banyakh_i_saunakh_zerwood_0_9kg/
Лак для пола в банях и саунах Zerwood 2.5кг	1039,00	https://xn--e1alcpii.xn--p1ai/catalog/lakokrasochnyy_material/sredstva_dlya_ukhoda_za_baney_i_saunoy_1/lak_dlya_pola_v_banyakh_i_saunakh_zerwood_2_5kg/
Лак для пола в банях и саунах Zerwood 2.5кг	1039,00	https://xn--e1alcpii.xn--p1ai/catalog/vse_dlya_bani_i_sauny/sredstva_dlya_ukhoda_za_baney_i_saunoy/lak_dlya_pola_v_banyakh_i_saunakh_zerwood_2_5kg/
Лак интерьерный универсальный Prosept акриловый 0.9л	990,00	https://xn--e1alcpii.xn--p1ai/catalog/lakokrasochnyy_material/laki_1/lak_interernyy_universalnyy_prosept_0_9l_akril/
Лак интерьерный универсальный Prosept акриловый 2л	1990,00	https://xn--e1alcpii.xn--p1ai/catalog/lakokrasochnyy_material/laki_1/lak_interernyy_universalnyy_prosept_2l_akril/
Лак яхтный глянцевый Радуга 0.9л алкид-уретан.	559,00	https://xn--e1alcpii.xn--p1ai/catalog/lakokrasochnyy_material/laki_1/lak_yakhtnyy_glyantsevyy_raduga_0_9l_alkid_uretan/
Лак яхтный глянцевый Радуга 1.9л алкид-уретан.	999,00	https://xn--e1alcpii.xn--p1ai/catalog/lakokrasochnyy_material/laki_1/lak_yakhtnyy_glyantsevyy_raduga_1_9l_alkid_uretan/
Лак яхтный матовый Радуга 0.9л алкид-уретан.	599,00	https://xn--e1alcpii.xn--p1ai/catalog/lakokrasochnyy_material/laki_1/lak_yakhtnyy_matovyy_raduga_0_9l_alkid_uretan/
Лак яхтный матовый Радуга 1.9л алкид-уретан.	1129,00	https://xn--e1alcpii.xn--p1ai/catalog/lakokrasochnyy_material/laki_1/lak_yakhtnyy_matovyy_raduga_1_9l_alkid_uretan/
Лаки для бани/сауны	1990,00	https://xn--e1alcpii.xn--p1ai/catalog/lakokrasochnyy_material/sredstva_dlya_ukhoda_za_baney_i_saunoy_1/laki_dlya_bani_i_sauny/
Лаки для бани/сауны	1990,00	https://xn--e1alcpii.xn--p1ai/catalog/vse_dlya_bani_i_sauny/sredstva_dlya_ukhoda_za_baney_i_saunoy/laki/
Лаки для интерьера	990,00	https://xn--e1alcpii.xn--p1ai/catalog/lakokrasochnyy_material/laki_1/dlya_interera/
Лаки для паркета	2790,00	https://xn--e1alcpii.xn--p1ai/catalog/lakokrasochnyy_material/laki_1/dlya_parketa/
Лаки для пола и лестниц	2790,00	https://xn--e1alcpii.xn--p1ai/catalog/lakokrasochnyy_material/laki_1/dlya_pola_i_lestnits/
Лаки для террасы и веранды	949,00	https://xn--e1alcpii.xn--p1ai/catalog/lakokrasochnyy_material/laki_1/dlya_terrasy_i_verandy/
Масла для бани/сауны	3990,00	https://xn--e1alcpii.xn--p1ai/catalog/vse_dlya_bani_i_sauny/sredstva_dlya_ukhoda_za_baney_i_saunoy/masla1/
Масла для бани/сауны	3990,00	https://xn--e1alcpii.xn--p1ai/catalog/lakokrasochnyy_material/sredstva_dlya_ukhoda_za_baney_i_saunoy_1/masla_dlya_bani_i_sauny/
Масла для лестниц и полов	2590,00	https://xn--e1alcpii.xn--p1ai/catalog/lakokrasochnyy_material/masla/masla_dlya_lestnits_i_polov/
Масла для террасы	2990,00	https://xn--e1alcpii.xn--p1ai/catalog/lakokrasochnyy_material/masla/masla_dlya_terrasy/
Масла для фасада	2990,00	https://xn--e1alcpii.xn--p1ai/catalog/lakokrasochnyy_material/masla/masla_dlya_fasada/
Масло Твердое с воском ПРОФЕССИОНАЛ Береза (НК-60) 0,9л	2590,00	https://xn--e1alcpii.xn--p1ai/catalog/lakokrasochnyy_material/masla/maslo_tverdoe_s_voskom_professional_bereza_nk_60_0_9l/
Масло Твердое с воском ПРОФЕССИОНАЛ Бесцветное 0,9л	2590,00	https://xn--e1alcpii.xn--p1ai/catalog/lakokrasochnyy_material/masla/maslo_tverdoe_s_voskom_professional_bestsvetnoe_0_9l/
Масло Твердое с воском ПРОФЕССИОНАЛ Графит (НК-82) 0,9л	2590,00	https://xn--e1alcpii.xn--p1ai/catalog/lakokrasochnyy_material/masla/maslo_tverdoe_s_voskom_professional_grafit_nk_82_0_9l/
Масло Твердое с воском ПРОФЕССИОНАЛ Дуб (НК-74) 0,9л	2590,00	https://xn--e1alcpii.xn--p1ai/catalog/lakokrasochnyy_material/masla/maslo_tverdoe_s_voskom_professional_dub_nk_74_0_9l/
Масло Твердое с воском ПРОФЕССИОНАЛ Ольха (НК-72) 0,9л	2590,00	https://xn--e1alcpii.xn--p1ai/catalog/lakokrasochnyy_material/masla/maslo_tverdoe_s_voskom_professional_olkha_nk_72_0_9l/
Масло Твердое с воском ПРОФЕССИОНАЛ Сосна (НК-55) 0,9л	2590,00	https://xn--e1alcpii.xn--p1ai/catalog/lakokrasochnyy_material/masla/maslo_tverdoe_s_voskom_professional_sosna_nk_55_0_9l/
Масло Твердое с воском ПРОФЕССИОНАЛ Темный орех (НК-57) 0.9л	2590,00	https://xn--e1alcpii.xn--p1ai/catalog/lakokrasochnyy_material/masla/maslo_tverdoe_s_voskom_professional_temnyy_orekh_nk_57_0_9l/
Масло Твердое с воском ПРОФЕССИОНАЛ Черешня (НК-71) 0,9л	2590,00	https://xn--e1alcpii.xn--p1ai/catalog/lakokrasochnyy_material/masla/maslo_tverdoe_s_voskom_professional_chereshnya_nk_71_0_9l/
Масло для Террас ПРОФЕССИОНАЛ Бесцветное 0,9л	2590,00	https://xn--e1alcpii.xn--p1ai/catalog/lakokrasochnyy_material/masla/maslo_dlya_terras_professional_bestsvetnoe_0_9l/
Масло для Террас ПРОФЕССИОНАЛ Венге (НК-88) 0,9л	2590,00	https://xn--e1alcpii.xn--p1ai/catalog/lakokrasochnyy_material/masla/maslo_dlya_terras_professional_venge_nk_88_0_9l/
Масло для Террас ПРОФЕССИОНАЛ Графит (НК-82) 0,9л	2990,00	https://xn--e1alcpii.xn--p1ai/catalog/lakokrasochnyy_material/masla/maslo_dlya_terras_professional_grafit_nk_82_0_9l/
Масло для Террас ПРОФЕССИОНАЛ Графит (НК-82) 2,7л	6490,00	https://xn--e1alcpii.xn--p1ai/catalog/lakokrasochnyy_material/masla/maslo_dlya_terras_professional_grafit_nk_82_2_7l/
Масло для Террас ПРОФЕССИОНАЛ Дуб (НК-74) 0,9л	2990,00	https://xn--e1alcpii.xn--p1ai/catalog/lakokrasochnyy_material/masla/maslo_dlya_terras_professional_dub_nk_74_0_9l/
Масло для Террас ПРОФЕССИОНАЛ Ольха (НК-72) 2,7л	6490,00	https://xn--e1alcpii.xn--p1ai/catalog/lakokrasochnyy_material/masla/maslo_dlya_terras_professional_olkha_nk_72_2_7l/
Масло для Террас ПРОФЕССИОНАЛ Подсолнух (НК-50) 2,7л	6490,00	https://xn--e1alcpii.xn--p1ai/catalog/lakokrasochnyy_material/masla/maslo_dlya_terras_professional_podsolnukh_nk_50_2_7l/
Масло для Террас ПРОФЕССИОНАЛ Сосна (НК-55) 0,9л	2990,00	https://xn--e1alcpii.xn--p1ai/catalog/lakokrasochnyy_material/masla/maslo_dlya_terras_professional_sosna_nk_55_0_9l/
Масло для Террас ПРОФЕССИОНАЛ Темный орех (НК-57) 0,9л	2990,00	https://xn--e1alcpii.xn--p1ai/catalog/lakokrasochnyy_material/masla/maslo_dlya_terras_professional_temnyy_orekh_nk_57_0_9l/
Масло для Террас ПРОФЕССИОНАЛ Темный орех (НК-57) 2,7л	6490,00	https://xn--e1alcpii.xn--p1ai/catalog/lakokrasochnyy_material/masla/maslo_dlya_terras_professional_temnyy_orekh_nk_57_2_7l/
Масло для Террас ПРОФЕССИОНАЛ Черешня (НК-71) 0,9л	2990,00	https://xn--e1alcpii.xn--p1ai/catalog/lakokrasochnyy_material/masla/maslo_dlya_terras_professional_chereshnya_nk_71_0_9l/
Масло для Фасадов ПРОФЕССИОНАЛ Бесцветное 0,9л	2990,00	https://xn--e1alcpii.xn--p1ai/catalog/lakokrasochnyy_material/masla/maslo_dlya_fasadov_professional_bestsvetnoe_0_9l/
Масло для Фасадов ПРОФЕССИОНАЛ Бесцветное 2,7л	6490,00	https://xn--e1alcpii.xn--p1ai/catalog/lakokrasochnyy_material/masla/maslo_dlya_fasadov_professional_bestsvetnoe_2_7l/
Масло для Фасадов ПРОФЕССИОНАЛ Графит (НК-82) 0,9л	2990,00	https://xn--e1alcpii.xn--p1ai/catalog/lakokrasochnyy_material/masla/maslo_dlya_fasadov_professional_grafit_nk_82_0_9l/
Масло для Фасадов ПРОФЕССИОНАЛ Графит (НК-82) 2,7л	6490,00	https://xn--e1alcpii.xn--p1ai/catalog/lakokrasochnyy_material/masla/maslo_dlya_fasadov_professional_grafit_nk_82_2_7l/
Масло для Фасадов ПРОФЕССИОНАЛ Дуб (НК-74) 0,9л	2990,00	https://xn--e1alcpii.xn--p1ai/catalog/lakokrasochnyy_material/masla/maslo_dlya_fasadov_professional_dub_nk_74_0_9l/
Масло для Фасадов ПРОФЕССИОНАЛ Дуб (НК-74) 2,7л	6490,00	https://xn--e1alcpii.xn--p1ai/catalog/lakokrasochnyy_material/masla/maslo_dlya_fasadov_professional_dub_nk_74_2_7l/
Масло для Фасадов ПРОФЕССИОНАЛ Ольха (НК-72) 2,7л	6490,00	https://xn--e1alcpii.xn--p1ai/catalog/lakokrasochnyy_material/masla/maslo_dlya_fasadov_professional_olkha_nk_72_2_7l/
Масло для Фасадов ПРОФЕССИОНАЛ Подсолнух (НК-50) 2,7л	6490,00	https://xn--e1alcpii.xn--p1ai/catalog/lakokrasochnyy_material/masla/maslo_dlya_fasadov_professional_podsolnukh_nk_50_2_7l/
Масло для Фасадов ПРОФЕССИОНАЛ Сосна (НК-55) 0,9л	2990,00	https://xn--e1alcpii.xn--p1ai/catalog/lakokrasochnyy_material/masla/maslo_dlya_fasadov_professional_sosna_nk_55_0_9l/
Масло для Фасадов ПРОФЕССИОНАЛ Темный орех (НК-57) 0,9л	2990,00	https://xn--e1alcpii.xn--p1ai/catalog/lakokrasochnyy_material/masla/maslo_dlya_fasadov_professional_temnyy_orekh_nk_57_0_9l/
Масло для Фасадов ПРОФЕССИОНАЛ Темный орех (НК-57) 2,7л	6490,00	https://xn--e1alcpii.xn--p1ai/catalog/lakokrasochnyy_material/masla/maslo_dlya_fasadov_professional_temnyy_orekh_nk_57_2_7l/
Масло для Фасадов ПРОФЕССИОНАЛ Черешня (НК-71) 2,7л	6490,00	https://xn--e1alcpii.xn--p1ai/catalog/lakokrasochnyy_material/masla/maslo_dlya_fasadov_professional_chereshnya_nk_71_2_7l/
Масло натуральное для бани и сауны ПРОФЕССИОНАЛ Осветленное 0,9л	3990,00	https://xn--e1alcpii.xn--p1ai/catalog/vse_dlya_bani_i_sauny/sredstva_dlya_ukhoda_za_baney_i_saunoy/maslo_bestsvetnoe_dlya_bani_i_sauny_professional_0_9l/
Масло натуральное для бани и сауны ПРОФЕССИОНАЛ Осветленное 0,9л	3990,00	https://xn--e1alcpii.xn--p1ai/catalog/lakokrasochnyy_material/sredstva_dlya_ukhoda_za_baney_i_saunoy_1/maslo_bestsvetnoe_dlya_bani_i_sauny_professional_0_9l/
Масло натуральное для бани и сауны ПРОФЕССИОНАЛ цвет Береза 0,9л	4990,00	https://xn--e1alcpii.xn--p1ai/catalog/lakokrasochnyy_material/sredstva_dlya_ukhoda_za_baney_i_saunoy_1/maslo_otbelennoe_dlya_bani_i_sauny_professional_0_9l/
Масло натуральное для бани и сауны ПРОФЕССИОНАЛ цвет Береза 0,9л	4990,00	https://xn--e1alcpii.xn--p1ai/catalog/vse_dlya_bani_i_sauny/sredstva_dlya_ukhoda_za_baney_i_saunoy/maslo_otbelennoe_dlya_bani_i_sauny_professional_0_9l/
Масло натуральное для бани и сауны ПРОФЕССИОНАЛ цвет Термолипа 0,4л	2490,00	https://xn--e1alcpii.xn--p1ai/catalog/lakokrasochnyy_material/sredstva_dlya_ukhoda_za_baney_i_saunoy_1/maslo_dlya_bani_i_sauny_tsvet_termolipa_professional_0_4l/
Масло натуральное для бани и сауны ПРОФЕССИОНАЛ цвет Термолипа 0,4л	2490,00	https://xn--e1alcpii.xn--p1ai/catalog/vse_dlya_bani_i_sauny/sredstva_dlya_ukhoda_za_baney_i_saunoy/maslo_dlya_bani_i_sauny_tsvet_termolipa_professional_0_4l/
Масло с воском для бани и сауны ПРЕМИУМ Safora цвет Береза 1л	2990,00	https://xn--e1alcpii.xn--p1ai/catalog/vse_dlya_bani_i_sauny/sredstva_dlya_ukhoda_za_baney_i_saunoy/maslo_s_voskom_dlya_bani_i_sauny_premium_safora_tsvet_bereza_1l/
Масло с воском для бани и сауны ПРЕМИУМ Safora цвет Береза 1л	2990,00	https://xn--e1alcpii.xn--p1ai/catalog/lakokrasochnyy_material/sredstva_dlya_ukhoda_za_baney_i_saunoy_1/maslo_s_voskom_dlya_bani_i_sauny_premium_safora_tsvet_bereza_1l/
Молотковая грунт-эмаль по ржавчине золото Лакра 0.8кг	790,00	https://xn--e1alcpii.xn--p1ai/catalog/lakokrasochnyy_material/kraski_emali/molotkovaya_grunt_emal_po_rzhavchine_zoloto_lakra_0_8kg/
Молотковая грунт-эмаль по ржавчине коричневая Лакра 0.8кг	790,00	https://xn--e1alcpii.xn--p1ai/catalog/lakokrasochnyy_material/kraski_emali/molotkovaya_grunt_emal_po_rzhavchine_korichnevaya_lakra_0_8kg/
Молотковая грунт-эмаль по ржавчине медь Лакра 0.8кг	790,00	https://xn--e1alcpii.xn--p1ai/catalog/lakokrasochnyy_material/kraski_emali/molotkovaya_grunt_emal_po_rzhavchine_med_lakra_0_8kg/
Молотковая грунт-эмаль по ржавчине серебро Лакра 0.8кг	790,00	https://xn--e1alcpii.xn--p1ai/catalog/lakokrasochnyy_material/kraski_emali/molotkovaya_grunt_emal_po_rzhavchine_serebro_lakra_0_8kg/
Монтажная пена Технониколь Maximum 65л профессиональная всесезонная	579,00	https://xn--e1alcpii.xn--p1ai/catalog/germetiki_zhidkie_gvozdi_kley_shpaklevka_dlya_dereva/pena_montazhnaya/montazhnaya_pena_tekhnonikol_maximum_65l_professionalnaya_vsesezonnaya/
Моющее средство для бани и сауны Multipower Wood 1л	373,00	https://xn--e1alcpii.xn--p1ai/catalog/vse_dlya_bani_i_sauny/sredstva_dlya_ukhoda_za_baney_i_saunoy/moyushchee_sredstvo_dlya_bani_i_sauny_multipower_wood_1l/
Моющее средство для бани и сауны Multipower Wood 1л	373,00	https://xn--e1alcpii.xn--p1ai/catalog/lakokrasochnyy_material/sredstva_dlya_ukhoda_za_baney_i_saunoy_1/moyushchee_sredstvo_dlya_bani_i_sauny_multipower_wood_1l/
Моющие средства для бани/сауны	373,00	https://xn--e1alcpii.xn--p1ai/catalog/vse_dlya_bani_i_sauny/sredstva_dlya_ukhoda_za_baney_i_saunoy/moyushchie_sredstva/
Моющие средства для бани/сауны	373,00	https://xn--e1alcpii.xn--p1ai/catalog/lakokrasochnyy_material/sredstva_dlya_ukhoda_za_baney_i_saunoy_1/moyushchie_sredstva2/
Напыляемый утеплитель Polinor SILA PRO 850 мл	769,00	https://xn--e1alcpii.xn--p1ai/catalog/germetiki_zhidkie_gvozdi_kley_shpaklevka_dlya_dereva/napylyaemyy_uteplitel/napylyaemyy_uteplitel_sila_pro_polynor_850_ml/
Огнебиозащита ПРОФЕССИОНАЛ FIRE-BIO 2 группа защиты, концентрат 1:9 с красным контролем нанесения 1л	1990,00	https://xn--e1alcpii.xn--p1ai/catalog/lakokrasochnyy_material/antiseptiki_1/ognebiozashchita_professional_fire_bio_2_gruppa_zashchity_kontsentrat_1_9_s_krasnym_kontrolem_nanese/
Огнебиозащита ПРОФЕССИОНАЛ FIRE-BIO 2 группа защиты, концентрат 1:9 с красным контролем нанесения 20л	12990,00	https://xn--e1alcpii.xn--p1ai/catalog/lakokrasochnyy_material/antiseptiki_1/ognebiozashchita_professional_fire_bio_2_gruppa_zashchity_kontsentrat_1_9_s_krasnym_kontrolem_nanese-520626896/
Огнебиозащита ПРОФЕССИОНАЛ высшая 1 гр. защиты, готовый состав 10л красный	3900,00	https://xn--e1alcpii.xn--p1ai/catalog/lakokrasochnyy_material/antiseptiki_1/ognebiozashchita_professional_vysshaya_1_gr_zashchity_gotovyy_sostav_10l_krasnyy/
Огнебиозащита ПРОФЕССИОНАЛ высшая 1 гр. защиты, готовый состав 20л красный	3890,00	https://xn--e1alcpii.xn--p1ai/catalog/lakokrasochnyy_material/antiseptiki_1/ognebiozashchitnyy_sostav_professional_krasnyy_20l/
Огнебиозащита ПРОФЕССИОНАЛ высшая 1 гр. защиты, готовый состав 20л красный	4990,00	https://xn--e1alcpii.xn--p1ai/catalog/lakokrasochnyy_material/antiseptiki_1/ognebiozashchita_professional_vysshaya_1_gr_zashchity_gotovyy_sostav_20l_krasnyy/
Огнебиозащита ПРОФЕССИОНАЛ для ответственных конструкции Зима (до -15°С) 11кг	2990,00	https://xn--e1alcpii.xn--p1ai/catalog/lakokrasochnyy_material/antiseptiki_1/ognebiozashchita_professional_dlya_otvetstvennykh_konstruktsii_zima_do_15_s_11kg/
Огнебиозащита для дерева	1990,00	https://xn--e1alcpii.xn--p1ai/catalog/lakokrasochnyy_material/antiseptiki_1/ognebiozashchita_1/
Отбеливатели для дерева	396,00	https://xn--e1alcpii.xn--p1ai/catalog/lakokrasochnyy_material/antiseptiki_1/otbelivatel/
Очиститель засохшей пены KOLT 360г	189,00	https://xn--e1alcpii.xn--p1ai/catalog/germetiki_zhidkie_gvozdi_kley_shpaklevka_dlya_dereva/ochistitel_peny/ochistitel_zasokhshey_peny_kolt_360gr/
Очиститель пены Технониколь 500мл	179,00	https://xn--e1alcpii.xn--p1ai/catalog/germetiki_zhidkie_gvozdi_kley_shpaklevka_dlya_dereva/ochistitel_peny/ochistitel_peny_tekhnonikol_500ml/
Пена бытовая всесезонная (50л)	369,00	https://xn--e1alcpii.xn--p1ai/catalog/germetiki_zhidkie_gvozdi_kley_shpaklevka_dlya_dereva/pena_montazhnaya/pena_tn_master_50l_bytovaya_leto_zima/
Пена-клей ТЕХНОНИКОЛЬ MASTER Универсал 1000мл	699,00	https://xn--e1alcpii.xn--p1ai/catalog/germetiki_zhidkie_gvozdi_kley_shpaklevka_dlya_dereva/pena_kley/pena_kley_tekhnonikol_master_universal_1000ml/
Пропитка Антижук 10л	799,00	https://xn--e1alcpii.xn--p1ai/catalog/lakokrasochnyy_material/antiseptiki_1/propitka_antizhuk_10l/
Пропитка Биосепт-Ультра 10л	899,00	https://xn--e1alcpii.xn--p1ai/catalog/lakokrasochnyy_material/antiseptiki_1/propitka_biosept_ultra_10l/
Растворитель 646 Можхим 0.5л	119,00	https://xn--e1alcpii.xn--p1ai/catalog/lakokrasochnyy_material/rastvoriteli_i_ochistiteli/rastvoritel_646_mozhkhim_0_5l/
Растворитель 646 Можхим 1л	229,00	https://xn--e1alcpii.xn--p1ai/catalog/lakokrasochnyy_material/rastvoriteli_i_ochistiteli/rastvoritel_646_mozhkhim_1l/
Текстурол ЛАНДШАФТ Белый 0.9л полукроющая пропитка-антисептик для древесины	1490,00	https://xn--e1alcpii.xn--p1ai/catalog/lakokrasochnyy_material/toniruyushchie_sostavy/teksturol_landshaft_belyy_0_9l_polukroyushchaya_propitka_antiseptik_dlya_drevesiny/
Текстурол ЛАНДШАФТ Белый 2.5л полукроющая пропитка-антисептик для древесины	2890,00	https://xn--e1alcpii.xn--p1ai/catalog/lakokrasochnyy_material/toniruyushchie_sostavy/teksturol_landshaft_belyy_2_5l_polukroyushchaya_propitka_antiseptik_dlya_drevesiny/
Текстурол ЛАНДШАФТ Дымчато-голубой 2.5л полукроющая пропитка-антисептик для древесины	2890,00	https://xn--e1alcpii.xn--p1ai/catalog/lakokrasochnyy_material/toniruyushchie_sostavy/teksturol_landshaft_dymchato_goluboy_2_5l_polukroyushchaya_propitka_antiseptik_dlya_drevesiny/
Текстурол ЛАНДШАФТ Махагон 0.9л полукроющая пропитка-антисептик для древесины	1490,00	https://xn--e1alcpii.xn--p1ai/catalog/lakokrasochnyy_material/toniruyushchie_sostavy/teksturol_landshaft_makhagon_0_9l_polukroyushchaya_propitka_antiseptik_dlya_drevesiny/
Текстурол ЛАНДШАФТ Махагон 2.5л полукроющая пропитка-антисептик для древесины	2890,00	https://xn--e1alcpii.xn--p1ai/catalog/lakokrasochnyy_material/toniruyushchie_sostavy/teksturol_landshaft_makhagon_2_5l_polukroyushchaya_propitka_antiseptik_dlya_drevesiny/
Текстурол ЛАНДШАФТ Орех 0.9 л полукроющая пропитка-антисептик для древесины	1490,00	https://xn--e1alcpii.xn--p1ai/catalog/lakokrasochnyy_material/toniruyushchie_sostavy/teksturol_landshaft_orekh_0_9_l_polukroyushchaya_propitka_antiseptik_dlya_drevesiny/
Текстурол ЛАНДШАФТ Орех 2.5л полукроющая пропитка-антисептик для древесины	2890,00	https://xn--e1alcpii.xn--p1ai/catalog/lakokrasochnyy_material/toniruyushchie_sostavy/teksturol_landshaft_orekh_2_5l_polukroyushchaya_propitka_antiseptik_dlya_drevesiny/
Текстурол ЛАНДШАФТ Осенний лес 0.9л полукроющая пропитка-антисептик для древесины	1490,00	https://xn--e1alcpii.xn--p1ai/catalog/lakokrasochnyy_material/toniruyushchie_sostavy/teksturol_landshaft_osenniy_les_0_9l_polukroyushchaya_propitka_antiseptik_dlya_drevesiny/
Текстурол ЛАНДШАФТ Осенний лес 2.5л полукроющая пропитка-антисептик для древесины	2890,00	https://xn--e1alcpii.xn--p1ai/catalog/lakokrasochnyy_material/toniruyushchie_sostavy/teksturol_landshaft_osenniy_les_2_5l_polukroyushchaya_propitka_antiseptik_dlya_drevesiny/
Текстурол ЛАНДШАФТ Палисандр 0.9л полукроющая пропитка-антисептик для древесины	1490,00	https://xn--e1alcpii.xn--p1ai/catalog/lakokrasochnyy_material/toniruyushchie_sostavy/teksturol_landshaft_palisandr_0_9l_polukroyushchaya_propitka_antiseptik_dlya_drevesiny/
Текстурол ЛАНДШАФТ Палисандр 2.5л полукроющая пропитка-антисептик для древесины	2890,00	https://xn--e1alcpii.xn--p1ai/catalog/lakokrasochnyy_material/toniruyushchie_sostavy/teksturol_landshaft_palisandr_2_5l_polukroyushchaya_propitka_antiseptik_dlya_drevesiny/
Текстурол ЛАНДШАФТ Палисандр 9л полукроющая пропитка-антисептик для древесины	8990,00	https://xn--e1alcpii.xn--p1ai/catalog/lakokrasochnyy_material/toniruyushchie_sostavy/teksturol_landshaft_palisandr_9l_polukroyushchaya_propitka_antiseptik_dlya_drevesiny/
Текстурол ЛАНДШАФТ Пихта 0.9л полукроющая пропитка-антисептик для древесины	1490,00	https://xn--e1alcpii.xn--p1ai/catalog/lakokrasochnyy_material/toniruyushchie_sostavy/teksturol_landshaft_pikhta_0_9l_polukroyushchaya_propitka_antiseptik_dlya_drevesiny/
Текстурол ЛАНДШАФТ Пихта 2.5л полукроющая пропитка-антисептик для древесины	2890,00	https://xn--e1alcpii.xn--p1ai/catalog/lakokrasochnyy_material/toniruyushchie_sostavy/teksturol_landshaft_pikhta_2_5l_polukroyushchaya_propitka_antiseptik_dlya_drevesiny/
Текстурол ЛАНДШАФТ Рябина 0.9л полукроющая пропитка-антисептик для древесины	1490,00	https://xn--e1alcpii.xn--p1ai/catalog/lakokrasochnyy_material/toniruyushchie_sostavy/teksturol_landshaft_ryabina_0_9l_polukroyushchaya_propitka_antiseptik_dlya_drevesiny/
Текстурол ЛАНДШАФТ Рябина 2.5л полукроющая пропитка-антисептик для древесины	2890,00	https://xn--e1alcpii.xn--p1ai/catalog/lakokrasochnyy_material/toniruyushchie_sostavy/teksturol_landshaft_ryabina_2_5l_polukroyushchaya_propitka_antiseptik_dlya_drevesiny/
Текстурол ЛАНДШАФТ Серо-зеленый 0.9л полукроющая пропитка-антисептик для древесины	1490,00	https://xn--e1alcpii.xn--p1ai/catalog/lakokrasochnyy_material/toniruyushchie_sostavy/teksturol_landshaft_sero_zelenyy_0_9l_polukroyushchaya_propitka_antiseptik_dlya_drevesiny/
Текстурол ЛАНДШАФТ Серо-зеленый 2.5л полукроющая пропитка-антисептик для древесины	2890,00	https://xn--e1alcpii.xn--p1ai/catalog/lakokrasochnyy_material/toniruyushchie_sostavy/teksturol_landshaft_sero_zelenyy_2_5l_polukroyushchaya_propitka_antiseptik_dlya_drevesiny/
Текстурол ЛАНДШАФТ Серый 0.9л полукроющая пропитка-антисептик для древесины	1490,00	https://xn--e1alcpii.xn--p1ai/catalog/lakokrasochnyy_material/toniruyushchie_sostavy/teksturol_landshaft_seryy_0_9l_polukroyushchaya_propitka_antiseptik_dlya_drevesiny/
Текстурол ЛАНДШАФТ Серый 2.5л полукроющая пропитка-антисептик для древесины	2890,00	https://xn--e1alcpii.xn--p1ai/catalog/lakokrasochnyy_material/toniruyushchie_sostavy/teksturol_landshaft_seryy_2_5l_polukroyushchaya_propitka_antiseptik_dlya_drevesiny/
Текстурол ЛАНДШАФТ Сосна 0.9л полукроющая пропитка-антисептик для древесины	1490,00	https://xn--e1alcpii.xn--p1ai/catalog/lakokrasochnyy_material/toniruyushchie_sostavy/teksturol_landshaft_sosna_0_9l_polukroyushchaya_propitka_antiseptik_dlya_drevesiny/
Текстурол ЛАНДШАФТ Сосна 2.5л полукроющая пропитка-антисептик для древесины	2890,00	https://xn--e1alcpii.xn--p1ai/catalog/lakokrasochnyy_material/toniruyushchie_sostavy/teksturol_landshaft_sosna_2_5l_polukroyushchaya_propitka_antiseptik_dlya_drevesiny/
Текстурол ЛАНДШАФТ Чайная роза 0.9л полукроющая пропитка-антисептик для древесины	1490,00	https://xn--e1alcpii.xn--p1ai/catalog/lakokrasochnyy_material/toniruyushchie_sostavy/teksturol_landshaft_chaynaya_roza_0_9l_polukroyushchaya_propitka_antiseptik_dlya_drevesiny/
Текстурол ЛАНДШАФТ Чайная роза 2.5л полукроющая пропитка-антисептик для древесины	1632,00	https://xn--e1alcpii.xn--p1ai/catalog/lakokrasochnyy_material/toniruyushchie_sostavy/teksturol_landshaft_chaynaya_roza_2_5l_polukroyushchaya_propitka_antiseptik_dlya_drevesiny/
Текстурол ЛАНДШАФТ Ясень 0.9л полукроющая пропитка-антисептик для древесины	1490,00	https://xn--e1alcpii.xn--p1ai/catalog/lakokrasochnyy_material/toniruyushchie_sostavy/teksturol_landshaft_yasen_0_9l_polukroyushchaya_propitka_antiseptik_dlya_drevesiny/
Текстурол ЛАНДШАФТ Ясень 2.5л полукроющая пропитка-антисептик для древесины	2890,00	https://xn--e1alcpii.xn--p1ai/catalog/lakokrasochnyy_material/toniruyushchie_sostavy/teksturol_landshaft_yasen_2_5l_polukroyushchaya_propitka_antiseptik_dlya_drevesiny/
Текстурол Ландшафт	1490,00	https://xn--e1alcpii.xn--p1ai/catalog/lakokrasochnyy_material/toniruyushchie_sostavy/teksturol_landshaft/
Текстурол ТИКСО Акация 3л деревозащитное средство	3990,00	https://xn--e1alcpii.xn--p1ai/catalog/lakokrasochnyy_material/toniruyushchie_sostavy/teksturol_tikso_akatsiya_3l_derevozashchitnoe_sredstvo/
Текстурол ТИКСО Белый 10л деревозащитное средство	11900,00	https://xn--e1alcpii.xn--p1ai/catalog/lakokrasochnyy_material/toniruyushchie_sostavy/teksturol_tikso_belyy_10l_derevozashchitnoe_sredstvo/
Текстурол ТИКСО Белый 1л деревозащитное средство	1690,00	https://xn--e1alcpii.xn--p1ai/catalog/lakokrasochnyy_material/toniruyushchie_sostavy/teksturol_tikso_belyy_1l_derevozashchitnoe_sredstvo/
Текстурол ТИКСО Белый 3л деревозащитное средство	3990,00	https://xn--e1alcpii.xn--p1ai/catalog/lakokrasochnyy_material/toniruyushchie_sostavy/teksturol_tikso_belyy_3l_derevozashchitnoe_sredstvo/
Текстурол ТИКСО Бесцветный 10л деревозащитное средство	11900,00	https://xn--e1alcpii.xn--p1ai/catalog/lakokrasochnyy_material/toniruyushchie_sostavy/teksturol_tikso_bestsvetnyy_10l_derevozashchitnoe_sredstvo/
Текстурол ТИКСО Бесцветный 1л деревозащитное средство	1690,00	https://xn--e1alcpii.xn--p1ai/catalog/lakokrasochnyy_material/toniruyushchie_sostavy/teksturol_tikso_bestsvetnyy_1l_derevozashchitnoe_sredstvo/
Текстурол ТИКСО Бесцветный 3л деревозащитное средство	3990,00	https://xn--e1alcpii.xn--p1ai/catalog/lakokrasochnyy_material/toniruyushchie_sostavy/teksturol_tikso_bestsvetnyy_3l_derevozashchitnoe_sredstvo/
Текстурол ТИКСО Гварнери Орех 1л деревозащитное средство	1690,00	https://xn--e1alcpii.xn--p1ai/catalog/lakokrasochnyy_material/toniruyushchie_sostavy/teksturol_tikso_gvarneri_orekh_1l_derevozashchitnoe_sredstvo/
Текстурол ТИКСО Гварнери Орех 3л деревозащитное средство	3990,00	https://xn--e1alcpii.xn--p1ai/catalog/lakokrasochnyy_material/toniruyushchie_sostavy/teksturol_tikso_gvarneri_orekh_3l_derevozashchitnoe_sredstvo/
Текстурол ТИКСО Дуб 1л деревозащитное средство	1690,00	https://xn--e1alcpii.xn--p1ai/catalog/lakokrasochnyy_material/toniruyushchie_sostavy/teksturol_tikso_dub_1l_derevozashchitnoe_sredstvo/
Текстурол ТИКСО Дуб 3л деревозащитное средство	3990,00	https://xn--e1alcpii.xn--p1ai/catalog/lakokrasochnyy_material/toniruyushchie_sostavy/teksturol_tikso_dub_3l_derevozashchitnoe_sredstvo/
Текстурол ТИКСО Калужница 1л деревозащитное средство	1690,00	https://xn--e1alcpii.xn--p1ai/catalog/lakokrasochnyy_material/toniruyushchie_sostavy/teksturol_tikso_kaluzhnitsa_1l_derevozashchitnoe_sredstvo/
Текстурол ТИКСО Калужница 3л деревозащитное средство	3990,00	https://xn--e1alcpii.xn--p1ai/catalog/lakokrasochnyy_material/toniruyushchie_sostavy/teksturol_tikso_kaluzhnitsa_3l_derevozashchitnoe_sredstvo/
Текстурол ТИКСО Махагон 1л деревозащитное средство	1690,00	https://xn--e1alcpii.xn--p1ai/catalog/lakokrasochnyy_material/toniruyushchie_sostavy/teksturol_tikso_makhagon_1l_derevozashchitnoe_sredstvo/
Текстурол ТИКСО Орегон 1л деревозащитное средство	1690,00	https://xn--e1alcpii.xn--p1ai/catalog/lakokrasochnyy_material/toniruyushchie_sostavy/teksturol_tikso_oregon_1l_derevozashchitnoe_sredstvo/
Текстурол ТИКСО Орегон 3л деревозащитное средство	3990,00	https://xn--e1alcpii.xn--p1ai/catalog/lakokrasochnyy_material/toniruyushchie_sostavy/teksturol_tikso_oregon_3l_derevozashchitnoe_sredstvo/
Текстурол ТИКСО Орех 1л деревозащитное средство	1690,00	https://xn--e1alcpii.xn--p1ai/catalog/lakokrasochnyy_material/toniruyushchie_sostavy/teksturol_tikso_orekh_1l_derevozashchitnoe_sredstvo/
Текстурол ТИКСО Орех 3л деревозащитное средство	3990,00	https://xn--e1alcpii.xn--p1ai/catalog/lakokrasochnyy_material/toniruyushchie_sostavy/teksturol_tikso_orekh_3l_derevozashchitnoe_sredstvo/
Текстурол ТИКСО Палисандр 1л деревозащитное средство	1690,00	https://xn--e1alcpii.xn--p1ai/catalog/lakokrasochnyy_material/toniruyushchie_sostavy/teksturol_tikso_palisandr_1l_derevozashchitnoe_sredstvo/
Текстурол ТИКСО Палисандр 3л деревозащитное средство	3990,00	https://xn--e1alcpii.xn--p1ai/catalog/lakokrasochnyy_material/toniruyushchie_sostavy/teksturol_tikso_palisandr_3l_derevozashchitnoe_sredstvo/
Текстурол ТИКСО Сосна 10л деревозащитное средство	11900,00	https://xn--e1alcpii.xn--p1ai/catalog/lakokrasochnyy_material/toniruyushchie_sostavy/teksturol_tikso_sosna_10l_derevozashchitnoe_sredstvo/
Текстурол ТИКСО Сосна 1л деревозащитное средство	1690,00	https://xn--e1alcpii.xn--p1ai/catalog/lakokrasochnyy_material/toniruyushchie_sostavy/teksturol_tikso_sosna_1l_derevozashchitnoe_sredstvo/
Текстурол ТИКСО Сосна 3л деревозащитное средство	3990,00	https://xn--e1alcpii.xn--p1ai/catalog/lakokrasochnyy_material/toniruyushchie_sostavy/teksturol_tikso_sosna_3l_derevozashchitnoe_sredstvo/
Текстурол ТИКСО Тик 10л деревозащитное средство	11900,00	https://xn--e1alcpii.xn--p1ai/catalog/lakokrasochnyy_material/toniruyushchie_sostavy/teksturol_tikso_tik_10l_derevozashchitnoe_sredstvo/
Текстурол ТИКСО Тик 1л деревозащитное средство	1690,00	https://xn--e1alcpii.xn--p1ai/catalog/lakokrasochnyy_material/toniruyushchie_sostavy/teksturol_tikso_tik_1l_derevozashchitnoe_sredstvo/
Текстурол ТИКСО Черешня 1л деревозащитное средство	1690,00	https://xn--e1alcpii.xn--p1ai/catalog/lakokrasochnyy_material/toniruyushchie_sostavy/teksturol_tikso_chereshnya_1l_derevozashchitnoe_sredstvo/
Текстурол ТИКСО Черешня 3л деревозащитное средство	3990,00	https://xn--e1alcpii.xn--p1ai/catalog/lakokrasochnyy_material/toniruyushchie_sostavy/teksturol_tikso_chereshnya_3l_derevozashchitnoe_sredstvo/
Текстурол Тиксо	3990,00	https://xn--e1alcpii.xn--p1ai/catalog/lakokrasochnyy_material/toniruyushchie_sostavy/teksturol_tikso/
Уайт-спирит Можхим 0.5л	99,00	https://xn--e1alcpii.xn--p1ai/catalog/lakokrasochnyy_material/rastvoriteli_i_ochistiteli/uayt_spirit_mozhkhim_0_5l/
Уайт-спирит Можхим 1л	189,00	https://xn--e1alcpii.xn--p1ai/catalog/lakokrasochnyy_material/rastvoriteli_i_ochistiteli/uayt_spirit_mozhkhim_1l/
Уайт-спирит Можхим 3л	499,00	https://xn--e1alcpii.xn--p1ai/catalog/lakokrasochnyy_material/rastvoriteli_i_ochistiteli/uayt_spirit_mozhkhim_3l/
Удалитель плесени Prosept Fungi Clean готовый состав 0.5л	396,00	https://xn--e1alcpii.xn--p1ai/catalog/lakokrasochnyy_material/antiseptiki_1/udalitel_pleseni_prosept_fungi_clean_gotovyy_sostav_0_5l/
Удалитель ржавчины Prosept Rust Remover 0.5л	349,00	https://xn--e1alcpii.xn--p1ai/catalog/lakokrasochnyy_material/rastvoriteli_i_ochistiteli/udalitel_rzhavchiny_prosept_rust_remover_0_5l/
Шпатлевка тонкодисперсная ЭКСТРА по дереву 0,4кг белая	229,00	https://xn--e1alcpii.xn--p1ai/catalog/germetiki_zhidkie_gvozdi_kley_shpaklevka_dlya_dereva/shpaklevka_dlya_dereva/shpatlevka_tonkodispersnaya_ekstra_po_derevu_0_4kg_belaya/
Шпатлевка тонкодисперсная ЭКСТРА по дереву 0,4кг сосна	229,00	https://xn--e1alcpii.xn--p1ai/catalog/germetiki_zhidkie_gvozdi_kley_shpaklevka_dlya_dereva/shpaklevka_dlya_dereva/shpatlevka_tonkodispersnaya_ekstra_po_derevu_0_4kg_sosna/
Эмали	459,00	https://xn--e1alcpii.xn--p1ai/catalog/lakokrasochnyy_material/kraski_emali/emali_1/
Эмаль ПФ-115 бежевый 0.9 кг Proremontt	280,00	https://xn--e1alcpii.xn--p1ai/catalog/lakokrasochnyy_material/kraski_emali/emal_pf_115_bezhevyy_0_9_kg_proremontt/
Эмаль ПФ-115 белая глянцевая 0.9 кг Proremontt	336,00	https://xn--e1alcpii.xn--p1ai/catalog/lakokrasochnyy_material/kraski_emali/emal_pf_115_belaya_glyantsevaya_0_9_kg_proremontt/
Эмаль ПФ-115 коричневый 0.9кг Proremontt	309,00	https://xn--e1alcpii.xn--p1ai/catalog/lakokrasochnyy_material/kraski_emali/emal_pf_115_korichnevyy_0_9kg_proremontt/
Эмаль ПФ-115 черный 0.9кг Proremontt	280,00	https://xn--e1alcpii.xn--p1ai/catalog/lakokrasochnyy_material/kraski_emali/emal_pf_115_chernyy_0_9kg_proremontt/
Эмаль для пола акриловая бежевая Лакра 0.9кг	619,00	https://xn--e1alcpii.xn--p1ai/catalog/lakokrasochnyy_material/kraski_emali/emal_dlya_pola_akrilovaya_bezhevaya_lakra_0_9kg/
Эмаль для пола акриловая бежевая Лакра 2.4кг	1699,00	https://xn--e1alcpii.xn--p1ai/catalog/lakokrasochnyy_material/kraski_emali/emal_dlya_pola_akrilovaya_bezhevaya_lakra_2_4kg/
Эмаль для пола акриловая красно-коричневая Лакра 0.9кг	539,00	https://xn--e1alcpii.xn--p1ai/catalog/lakokrasochnyy_material/kraski_emali/emal_dlya_pola_akrilovaya_krasno_korichnevaya_lakra_0_9kg/
Эмаль для пола акриловая красно-коричневая Лакра 2.4кг	1429,00	https://xn--e1alcpii.xn--p1ai/catalog/lakokrasochnyy_material/kraski_emali/emal_dlya_pola_akrilovaya_krasno_korichnevaya_lakra_2_4kg/
Эмаль для радиаторов белая глянцевая Лакра 0.9кг	599,00	https://xn--e1alcpii.xn--p1ai/catalog/lakokrasochnyy_material/kraski_emali/emal_dlya_radiatorov_belaya_glyantsevaya_lakra_0_9kg/
Эмаль для радиаторов белая полуматовая Лакра 0.9кг	329,00	https://xn--e1alcpii.xn--p1ai/catalog/lakokrasochnyy_material/kraski_emali/emal_dlya_radiatorov_belaya_polu_matovaya_lakra_0_9kg/
Эмаль термостойкая Dali Серебро 0.4л	709,00	https://xn--e1alcpii.xn--p1ai/catalog/lakokrasochnyy_material/kraski_emali/emal_termostoykaya_dali_serebro_0_4l/
